{
    "rmse": 340.54665260695424,
    "mae": 191.0100514736405,
    "r2": 0.9704499635072686
}